{"cameraMode":{"drawMode":0,"name":"Shaded","section":"Shading Mode"},"sceneLighting":false,"audioPlay":false,"sceneViewState":{"showFog":true,"showMaterialUpdate":false,"showSkybox":true,"showFlares":true,"showImageEffects":true,"showParticleSystems":true},"in2DMode":false,"pivot":{"x":-20.0590763092041,"y":-5.019514083862305,"z":41.11684799194336},"rotation":{"x":-0.093460313975811,"y":0.23427574336528779,"z":-0.022633589804172517,"w":-0.9674026370048523},"size":55.83676528930664,"orthographic":false}